iter	RMSE
0	0.1864378489
1	0.1862748716
2	0.1861555857
3	0.185993842
4	0.1858553159
5	0.1856999663
6	0.1855278049
7	0.1853733855
8	0.1852178878
9	0.1850762956
