iter	RMSE
0	0.1888222501
1	0.1868692216
2	0.184063181
3	0.181865056
4	0.1802514346
5	0.1779134309
6	0.1753725796
7	0.173089705
8	0.1712688319
9	0.169217643
